{
  "meta" : {
    "view" : {
      "id" : "b7kx-qikm",
      "name" : "2012 NYC Farmers Market List",
      "attribution" : "Department of Health and Mental Hygiene (DOHMH)",
      "averageRating" : 0,
      "category" : "Business",
      "createdAt" : 1340724547,
      "description" : "Listing of NYC farmers markets.",
      "displayType" : "table",
      "downloadCount" : 655,
      "indexUpdatedAt" : 1414260368,
      "newBackend" : false,
      "numberOfComments" : 2,
      "oid" : 4140322,
      "publicationAppendEnabled" : false,
      "publicationDate" : 1371842836,
      "publicationGroup" : 368324,
      "publicationStage" : "published",
      "rowsUpdatedAt" : 1371842832,
      "rowsUpdatedBy" : "5fuc-pqz2",
      "tableId" : 932714,
      "totalTimesRated" : 0,
      "viewCount" : 3563,
      "viewLastModified" : 1409936467,
      "viewType" : "tabular",
      "columns" : [ {
        "id" : -1,
        "name" : "sid",
        "dataTypeName" : "meta_data",
        "fieldName" : ":sid",
        "position" : 0,
        "renderTypeName" : "meta_data",
        "format" : {
        }
      }, {
        "id" : -1,
        "name" : "id",
        "dataTypeName" : "meta_data",
        "fieldName" : ":id",
        "position" : 0,
        "renderTypeName" : "meta_data",
        "format" : {
        }
      }, {
        "id" : -1,
        "name" : "position",
        "dataTypeName" : "meta_data",
        "fieldName" : ":position",
        "position" : 0,
        "renderTypeName" : "meta_data",
        "format" : {
        }
      }, {
        "id" : -1,
        "name" : "created_at",
        "dataTypeName" : "meta_data",
        "fieldName" : ":created_at",
        "position" : 0,
        "renderTypeName" : "meta_data",
        "format" : {
        }
      }, {
        "id" : -1,
        "name" : "created_meta",
        "dataTypeName" : "meta_data",
        "fieldName" : ":created_meta",
        "position" : 0,
        "renderTypeName" : "meta_data",
        "format" : {
        }
      }, {
        "id" : -1,
        "name" : "updated_at",
        "dataTypeName" : "meta_data",
        "fieldName" : ":updated_at",
        "position" : 0,
        "renderTypeName" : "meta_data",
        "format" : {
        }
      }, {
        "id" : -1,
        "name" : "updated_meta",
        "dataTypeName" : "meta_data",
        "fieldName" : ":updated_meta",
        "position" : 0,
        "renderTypeName" : "meta_data",
        "format" : {
        }
      }, {
        "id" : -1,
        "name" : "meta",
        "dataTypeName" : "meta_data",
        "fieldName" : ":meta",
        "position" : 0,
        "renderTypeName" : "meta_data",
        "format" : {
        }
      }, {
        "id" : 75758554,
        "name" : "Borough",
        "dataTypeName" : "text",
        "fieldName" : "borough",
        "position" : 2,
        "renderTypeName" : "text",
        "tableColumnId" : 3281029,
        "width" : 184,
        "cachedContents" : {
          "non_null" : 137,
          "smallest" : "Bronx",
          "null" : 0,
          "largest" : "Staten Island",
          "top" : [ {
            "count" : 20,
            "item" : "Bronx"
          }, {
            "count" : 19,
            "item" : "Bronx"
          }, {
            "count" : 18,
            "item" : "Brooklyn"
          }, {
            "count" : 17,
            "item" : "Manhattan"
          }, {
            "count" : 16,
            "item" : "Queens"
          }, {
            "count" : 15,
            "item" : "Staten Island"
          } ]
        },
        "format" : {
        }
      }, {
        "id" : 75758555,
        "name" : "Market Name ",
        "dataTypeName" : "text",
        "fieldName" : "market_name",
        "position" : 3,
        "renderTypeName" : "text",
        "tableColumnId" : 3281030,
        "width" : 244,
        "cachedContents" : {
          "non_null" : 137,
          "smallest" : "125th Street Fresh Connect Farmers' Market",
          "null" : 0,
          "largest" : "Windsor Terrace - PS 154 Greenmarket",
          "top" : [ {
            "count" : 20,
            "item" : "Culinary Kids Garden Farmers' Market II"
          }, {
            "count" : 19,
            "item" : "Douglaston Greenmarket"
          }, {
            "count" : 18,
            "item" : "Elmhurst Hospital Greenmarket"
          }, {
            "count" : 17,
            "item" : "Harvest Home Roy Wilkins Park Farmers Market"
          }, {
            "count" : 16,
            "item" : "Jackson Heights Greenmarket"
          }, {
            "count" : 15,
            "item" : "Jamaica Farmers Market"
          }, {
            "count" : 14,
            "item" : "Pomonok Farmers' Market"
          }, {
            "count" : 13,
            "item" : "Queens Botanical Garden Farmers' Market"
          }, {
            "count" : 12,
            "item" : "Ridgewood Youthmarket"
          }, {
            "count" : 11,
            "item" : "Socrates Sculpture Park Greenmarket"
          }, {
            "count" : 10,
            "item" : "Sunnyside Gardens Greenmarket"
          }, {
            "count" : 9,
            "item" : "Joseph Addabbo Family Health Center's Farmers' Market"
          }, {
            "count" : 8,
            "item" : "St. George Greenmarket"
          }, {
            "count" : 7,
            "item" : "Staten Island Mall Greenmarket"
          } ]
        },
        "format" : {
        }
      }, {
        "id" : 75758556,
        "name" : "Street Address",
        "dataTypeName" : "text",
        "fieldName" : "street_address",
        "position" : 4,
        "renderTypeName" : "text",
        "tableColumnId" : 3281031,
        "width" : 268,
        "cachedContents" : {
          "non_null" : 137,
          "smallest" : "104th St & 3rd Ave",
          "null" : 0,
          "largest" : "Wyckoff Ave & Stanhope St",
          "top" : [ {
            "count" : 20,
            "item" : "Central Ave at Beach 20th St"
          }, {
            "count" : 19,
            "item" : "235th St & 41st Ave, at the LIRR Station"
          }, {
            "count" : 18,
            "item" : "41st Ave bet 80th & 81st Sts"
          }, {
            "count" : 17,
            "item" : "Merrick Blvd bet 221st & 222nd Sts"
          }, {
            "count" : 16,
            "item" : "34th Ave bet 77th & 78th Sts"
          }, {
            "count" : 15,
            "item" : "90-40 160th St, off Jamaica Ave"
          }, {
            "count" : 14,
            "item" : "67-09 Kissena Blvd, at QCH Pomonok Center"
          }, {
            "count" : 13,
            "item" : "Dahlia Ave off Main St "
          }, {
            "count" : 12,
            "item" : "Cypress Ave bet Myrtle & Putnam Aves"
          }, {
            "count" : 11,
            "item" : "Vernon Blvd & Broadway"
          }, {
            "count" : 10,
            "item" : "Skillman Ave bet 42nd & 43rd Sts"
          }, {
            "count" : 9,
            "item" : "6200 Beach Channel Dr"
          }, {
            "count" : 8,
            "item" : "St. Marks Pl at Hyatt St, inside Borough Hall parking lot"
          }, {
            "count" : 7,
            "item" : "Richmond Ave entrance, inside parking lot"
          } ]
        },
        "format" : {
        }
      }, {
        "id" : 75758557,
        "name" : "Day(s)",
        "dataTypeName" : "text",
        "fieldName" : "day_s",
        "position" : 5,
        "renderTypeName" : "text",
        "tableColumnId" : 3281032,
        "width" : 172,
        "cachedContents" : {
          "non_null" : 137,
          "smallest" : "Friday",
          "null" : 0,
          "largest" : "Wednesday & Saturday ",
          "top" : [ {
            "count" : 20,
            "item" : "Wednesday & Saturday "
          }, {
            "count" : 19,
            "item" : "Tuesday "
          }, {
            "count" : 18,
            "item" : "Saturday"
          }, {
            "count" : 17,
            "item" : "Wednesday"
          }, {
            "count" : 16,
            "item" : "Tuesday"
          }, {
            "count" : 15,
            "item" : "Friday"
          }, {
            "count" : 14,
            "item" : "Thursday"
          }, {
            "count" : 13,
            "item" : "Sunday"
          }, {
            "count" : 12,
            "item" : "Tuesday & Friday "
          }, {
            "count" : 11,
            "item" : "Wednesday "
          }, {
            "count" : 10,
            "item" : "Saturday "
          }, {
            "count" : 9,
            "item" : "Tuesday-Saturday"
          }, {
            "count" : 8,
            "item" : "Tuesday, Thursday & Saturday"
          }, {
            "count" : 7,
            "item" : "Saturday & Sunday "
          }, {
            "count" : 6,
            "item" : "Thursday "
          }, {
            "count" : 5,
            "item" : "Monday-Saturday & Sunday"
          }, {
            "count" : 4,
            "item" : "Monday-Wednesday & Thursday-Saturday "
          }, {
            "count" : 3,
            "item" : "Sunday "
          }, {
            "count" : 2,
            "item" : "Friday "
          }, {
            "count" : 1,
            "item" : "Tuesday & Thursday"
          } ]
        },
        "format" : {
        }
      }, {
        "id" : 75758558,
        "name" : "Hours",
        "dataTypeName" : "text",
        "fieldName" : "hours",
        "position" : 6,
        "renderTypeName" : "text",
        "tableColumnId" : 3281033,
        "width" : 160,
        "cachedContents" : {
          "non_null" : 137,
          "smallest" : "10:30am-2:30pm",
          "null" : 0,
          "largest" : "9am- 5pm",
          "top" : [ {
            "count" : 20,
            "item" : "9am-5pm"
          }, {
            "count" : 19,
            "item" : "8am-4pm"
          }, {
            "count" : 18,
            "item" : "8am-3pm"
          }, {
            "count" : 17,
            "item" : "8am-5pm"
          }, {
            "count" : 16,
            "item" : "3pm-7pm"
          }, {
            "count" : 15,
            "item" : "8am-2pm"
          }, {
            "count" : 14,
            "item" : "10am-3pm"
          }, {
            "count" : 13,
            "item" : "10am-6pm"
          }, {
            "count" : 12,
            "item" : "2pm-6pm"
          }, {
            "count" : 11,
            "item" : "9am-3pm"
          }, {
            "count" : 10,
            "item" : "12pm-5pm"
          }, {
            "count" : 9,
            "item" : "11am-4pm"
          }, {
            "count" : 8,
            "item" : "1pm-6pm"
          }, {
            "count" : 7,
            "item" : "1pm-7pm"
          }, {
            "count" : 6,
            "item" : "11am-5pm"
          }, {
            "count" : 5,
            "item" : "9am-4pm"
          }, {
            "count" : 4,
            "item" : "8am-7pm"
          }, {
            "count" : 3,
            "item" : "8am-6pm"
          }, {
            "count" : 2,
            "item" : "10am-7pm"
          }, {
            "count" : 1,
            "item" : "10am-5pm"
          } ]
        },
        "format" : {
        }
      }, {
        "id" : 75758559,
        "name" : "Distribute Health Bucks",
        "dataTypeName" : "number",
        "fieldName" : "distribute_health_bucks",
        "position" : 7,
        "renderTypeName" : "number",
        "tableColumnId" : 3281034,
        "width" : 376,
        "cachedContents" : {
          "non_null" : 137,
          "smallest" : "0",
          "sum" : "124",
          "null" : 0,
          "average" : "0.9051094890510949",
          "largest" : "1",
          "top" : [ {
            "count" : 20,
            "item" : "1"
          }, {
            "count" : 19,
            "item" : "0"
          } ]
        },
        "format" : {
        }
      }, {
        "id" : 75758560,
        "name" : "Accepts Health Bucks",
        "dataTypeName" : "number",
        "fieldName" : "accepts_health_bucks",
        "position" : 8,
        "renderTypeName" : "number",
        "tableColumnId" : 3281035,
        "width" : 340,
        "cachedContents" : {
          "non_null" : 137,
          "smallest" : "1",
          "sum" : "137",
          "null" : 0,
          "average" : "1",
          "largest" : "1",
          "top" : [ {
            "count" : 20,
            "item" : "1"
          } ]
        },
        "format" : {
        }
      }, {
        "id" : 75758561,
        "name" : "EBT",
        "dataTypeName" : "number",
        "fieldName" : "ebt",
        "position" : 9,
        "renderTypeName" : "number",
        "tableColumnId" : 3281036,
        "width" : 136,
        "cachedContents" : {
          "non_null" : 137,
          "smallest" : "0",
          "sum" : "124",
          "null" : 0,
          "average" : "0.9051094890510949",
          "largest" : "1",
          "top" : [ {
            "count" : 20,
            "item" : "1"
          }, {
            "count" : 19,
            "item" : "0"
          } ]
        },
        "format" : {
        }
      }, {
        "id" : 75758562,
        "name" : "Stellar",
        "dataTypeName" : "number",
        "fieldName" : "stellar",
        "position" : 10,
        "renderTypeName" : "number",
        "tableColumnId" : 3281037,
        "width" : 184,
        "cachedContents" : {
          "non_null" : 137,
          "smallest" : "0",
          "sum" : "18",
          "null" : 0,
          "average" : "0.1313868613138686",
          "largest" : "1",
          "top" : [ {
            "count" : 20,
            "item" : "0"
          }, {
            "count" : 19,
            "item" : "1"
          } ]
        },
        "format" : {
        }
      } ],
      "grants" : [ {
        "inherited" : false,
        "type" : "viewer",
        "flags" : [ "public" ]
      } ],
      "metadata" : {
        "custom_fields" : {
          "Update" : {
            "Update Frequency" : "Annually"
          },
          "Dataset Information" : {
            "Agency" : "Department of Health and Mental Hygiene (DOHMH)"
          }
        },
        "rdfSubject" : "0"
      },
      "owner" : {
        "id" : "5fuc-pqz2",
        "displayName" : "NYC OpenData",
        "roleName" : "administrator",
        "screenName" : "NYC OpenData",
        "rights" : [ "create_datasets", "edit_others_datasets", "edit_sdp", "edit_site_theme", "moderate_comments", "manage_users", "chown_datasets", "edit_nominations", "approve_nominations", "feature_items", "federations", "manage_stories", "manage_approval", "change_configurations", "view_domain", "view_others_datasets", "edit_pages", "create_pages", "short_session", "view_goals", "view_dashboards", "edit_goals", "edit_dashboards", "create_dashboards" ]
      },
      "query" : {
      },
      "rights" : [ "read" ],
      "tableAuthor" : {
        "id" : "txun-eb7e",
        "displayName" : "Albert Webber",
        "roleName" : "administrator",
        "screenName" : "Albert Webber",
        "rights" : [ "create_datasets", "edit_others_datasets", "edit_sdp", "edit_site_theme", "moderate_comments", "manage_users", "chown_datasets", "edit_nominations", "approve_nominations", "feature_items", "federations", "manage_stories", "manage_approval", "change_configurations", "view_domain", "view_others_datasets", "edit_pages", "create_pages", "short_session", "view_goals", "view_dashboards", "edit_goals", "edit_dashboards", "create_dashboards" ]
      },
      "tags" : [ "2012 nyc market list", "dohmh", "farmers market", "green", "food", "health", "healthy living" ],
      "flags" : [ "default" ]
    }
  },
  "data" : [ [ 1, "2CB74CD5-E290-458A-B5F3-E1F73E110E6A", 1, 1340724549, "392904", 1340724549, "392904", "{\n}", "Bronx", "Bissel Gardens Farmers' Market", "Baychester Ave & E 241st St", "Wednesday & Saturday ", "9am-5pm", "1", "1", "1", "0" ]
, [ 2, "A4E91F79-058B-4CB7-B079-C25698088613", 2, 1340724549, "392904", 1340724549, "392904", "{\n}", "Bronx", "Bronx Borough Hall Greenmarket", "Grand Concourse bet 161st & 162nd Sts", "Tuesday ", "8am-4pm", "1", "1", "1", "1" ]
, [ 3, "158A8F63-2CBA-4E77-867F-1B0FBB1BC901", 3, 1340724549, "392904", 1340724549, "392904", "{\n}", "Bronx", "Crotona Park Greenmarket", "Crotona Park South & Clinton Ave, in Crotona Park", "Saturday", "8am-3pm", "1", "1", "1", "1" ]
, [ 4, "2AD4E31A-8B54-4A80-8D9B-355BD9858BFD", 4, 1340724549, "392904", 1340724549, "392904", "{\n}", "Bronx", "Harvest Home Co-op City Farmers' Market", "140 Bellamy Loop", "Saturday", "8am-4pm", "1", "1", "1", "0" ]
, [ 5, "2E2938F6-8C87-4241-A9CB-5648CAF6E697", 5, 1340724549, "392904", 1340724549, "392904", "{\n}", "Bronx", "Harvest Home Echo Park Market", "Ryer & Burnside Aves ", "Wednesday", "8am-4pm", "1", "1", "1", "0" ]
, [ 6, "C3AEC24D-797D-4958-8EBE-D0D3574D3C4B", 6, 1340724549, "392904", 1340724549, "392904", "{\n}", "Bronx", "Harvest Home Forest Avenue Farmers' Market", "Forest Ave bet Westchester Ave & 156th St", "Wednesday", "8am-4pm", "1", "1", "1", "0" ]
, [ 7, "CC14DE1B-D135-4762-8BF1-BA490C3725F8", 7, 1340724549, "392904", 1340724549, "392904", "{\n}", "Bronx", "Harvest Home Jacobi Hospital Farmers' Market", "1400 Pelham Pkwy at Eastchester Rd", "Tuesday", "8am-4pm", "1", "1", "1", "0" ]
, [ 8, "EB4EFAFC-E8C4-4AFF-8715-1CFD65626D20", 8, 1340724549, "392904", 1340724549, "392904", "{\n}", "Bronx", "Harvest Home Jerome Avenue Market", "Plaza Dr bet 170th St & Elliot Pl", "Friday", "8am-4pm", "1", "1", "1", "0" ]
, [ 9, "A698F997-5D82-4B2D-AE13-30A606C33E7E", 9, 1340724549, "392904", 1340724549, "392904", "{\n}", "Bronx", "Harvest Home Mt. Eden Farmers' Market", "Mt. Eden & Morris Aves, at Claremont Park", "Thursday", "8am-4pm", "1", "1", "1", "0" ]
, [ 10, "2DACD8AB-14CD-4C0E-BB4C-255918826682", 10, 1340724549, "392904", 1340724549, "392904", "{\n}", "Bronx", "Harvest Home North Central Bronx Farmers' Market", "Mosholu Pkwy & Jerome Ave", "Wednesday", "8am-4pm", "1", "1", "1", "0" ]
, [ 11, "E7EA50D7-A66E-4DCA-9BC1-483843DECDDF", 11, 1340724549, "392904", 1340724549, "392904", "{\n}", "Bronx", "Harvest Home Sunday Farmers' Market", "Bronx Museum, Grand Concourse & 165th St", "Sunday", "8am-4pm", "1", "1", "1", "0" ]
, [ 12, "B8785F0A-F28A-4F25-B04B-70A70D02BB6F", 12, 1340724549, "392904", 1340724549, "392904", "{\n}", "Bronx", "Harvest Home Throgs Neck Market", "Schley Ave bet E 177th St & Balcom Ave", "Saturday", "10am-5pm", "1", "1", "1", "0" ]
, [ 13, "D164B6BB-7F7C-4C2F-BF67-FF1FF0127C7F", 13, 1340724549, "392904", 1340724549, "392904", "{\n}", "Bronx", "Hunts Point Farmers' Market", "Southern & Bruckner Blvds at E 163rd St", "Wednesday & Saturday ", "8am-5pm", "1", "1", "1", "1" ]
, [ 14, "EDEC9C22-EA41-4983-9793-2D0C9999E092", 14, 1340724549, "392904", 1340724549, "392904", "{\n}", "Bronx", "Inwood Go Green Farmers' Market", "242nd St & Broadway, at Van Cotlandt Park", "Tuesday", "3pm-7pm", "1", "1", "1", "0" ]
, [ 15, "5948749D-9048-4FDE-A877-044BDC0D8EA6", 15, 1340724549, "392904", 1340724549, "392904", "{\n}", "Bronx", "Kingsbridge Heights Youthmarket", "W Kingsbridge Rd bet Aqueduct & Reservoir Aves", "Friday", "12pm-6pm", "1", "1", "1", "0" ]
, [ 16, "E45D7CB0-18DA-4EA5-81C5-3391BC2D182F", 16, 1340724549, "392904", 1340724549, "392904", "{\n}", "Bronx", "La Familia Verde Farmers' Market", "E Tremont & LaFontaine Aves", "Tuesday", "8am-2pm", "1", "1", "1", "1" ]
, [ 17, "90B04535-71AB-4AD4-B125-945090B7C333", 17, 1340724549, "392904", 1340724549, "392904", "{\n}", "Bronx", "La Finca del Sur/South Bronx Farmers' Market", "Grand Concourse & 138th St", "Saturday", "9am-2pm", "1", "1", "1", "0" ]
, [ 18, "759118F6-DA64-474F-B6A5-B5E0553CC734", 18, 1340724549, "392904", 1340724549, "392904", "{\n}", "Bronx", "Learn It, Grow It, Eat It Youthmarket", "169th St & Boston Rd", "Wednesday", "10am-3pm", "1", "1", "1", "0" ]
, [ 19, "6F8A6070-B4FD-4634-A824-6E3B8C2D5822", 19, 1340724549, "392904", 1340724549, "392904", "{\n}", "Bronx", "Lincoln Hospital Greenmarket", "149th St bet Park & Morris Aves", "Tuesday & Friday ", "8am-3pm", "1", "1", "1", "1" ]
, [ 20, "5FA71DAC-F02A-4576-96D9-A5C8E0E3B1BC", 20, 1340724549, "392904", 1340724549, "392904", "{\n}", "Bronx", "Little Green Market ", "E 160th St & Elton Ave", "Wednesday", "10am-6pm", "1", "1", "1", "0" ]
, [ 21, "45A2E479-8D2F-4C7F-BA22-A04898064C27", 21, 1340724549, "392904", 1340724549, "392904", "{\n}", "Bronx", "Marble Hill Youthmarket", "225th St & Broadway ", "Thursday", "2pm-6pm", "1", "1", "1", "0" ]
, [ 22, "F1F69EBB-C6EC-4793-9D22-FA136BD578BC", 22, 1340724549, "392904", 1340724549, "392904", "{\n}", "Bronx", "Mott Haven Farmers' Market ", "139th St & St. Ann's Ave, at Padre Plaza Success Garden", "Wednesday ", "9am- 5pm", "1", "1", "1", "1" ]
, [ 23, "967CDDED-0C23-46AD-A384-5765B688F92E", 23, 1340724549, "392904", 1340724549, "392904", "{\n}", "Bronx", "New York Botanical Gardens Greenmarket", "Kazimiroff Blvd bet Bedford Park & Mosholu, inside Gate", "Wednesday ", "9am-3pm", "1", "1", "1", "0" ]
, [ 24, "F2167082-7B61-4393-84BD-4C18C1C97C59", 24, 1340724549, "392904", 1340724549, "392904", "{\n}", "Bronx", "Northeast Bronx Farmers' Market", "Haffen Park, Hammersley & Wickham Aves", "Saturday", "8am-5:30pm", "1", "1", "1", "0" ]
, [ 25, "D30FBFA8-9884-4206-9BAD-E92FA75A7A3E", 25, 1340724549, "392904", 1340724549, "392904", "{\n}", "Bronx", "Parkchester Greenmarket", "Westchester Ave & White Plains Rd ", "Friday", "8am-3pm", "1", "1", "1", "0" ]
, [ 26, "2E348A4C-907A-4C68-9913-05021252D057", 26, 1340724549, "392904", 1340724549, "392904", "{\n}", "Bronx", "Poe Park Greenmarket", "192nd St bet Grand Concourse & Valentine Ave", "Tuesday ", "8am-3pm", "1", "1", "1", "1" ]
, [ 27, "1BA678BA-1B6D-4610-AE51-BD846B85FA2E", 27, 1340724549, "392904", 1340724549, "392904", "{\n}", "Bronx", "Riverdale Youthmarket", "256th St & Mosholu Ave", "Thursday", "3pm-7pm", "1", "1", "1", "0" ]
, [ 28, "8BFB89CF-F8F8-4094-A872-70E6298AEB5A", 28, 1340724549, "392904", 1340724549, "392904", "{\n}", "Bronx", "Taqwa Community Farmers' Market", "Ogden Ave & 164th St", "Saturday ", "8am-4pm", "1", "1", "1", "0" ]
, [ 29, "06F6E14E-9E0B-4315-8930-37553CF810FA", 29, 1340724549, "392904", 1340724549, "392904", "{\n}", "Bronx", "The Heights Community Farmers' Market", "University Ave & W 181st St", "Thursday", "10am-3pm", "1", "1", "1", "0" ]
, [ 30, "0E4A121B-F149-46D1-83EA-A6C6CC91995B", 30, 1340724549, "392904", 1340724549, "392904", "{\n}", "Bronx", "Riverdale Y Sunday Farmers' Market", "Independence Ave at W 237th St", "Sunday", "9am-1pm", "0", "1", "0", "0" ]
, [ 31, "B80919FE-B70F-44F5-A556-14333C812517", 31, 1340724549, "392904", 1340724549, "392904", "{\n}", "Bronx", "Wholesale Greenmarket", "New Fulton Fish Market at Hunts Point, 800 Food Center Dr", "Tuesday-Saturday", "2am-8am", "0", "1", "0", "0" ]
, [ 32, "B70B7080-4685-484C-A6D0-E2695D65CFB3", 32, 1340724549, "392904", 1340724549, "392904", "{\n}", "Bronx ", "Roberto Clemente Plaza Youthmarket", "149th St & 3rd Ave", "Wednesday", "9am-3pm", "1", "1", "1", "0" ]
, [ 33, "45E89428-AB39-41CD-BC14-AC5BBFC40FA2", 33, 1340724549, "392904", 1340724549, "392904", "{\n}", "Brooklyn", "Bartel-Pritchard Square Greenmarket", "Prospect Park W at 15th St", "Wednesday", "8am-3pm", "1", "1", "1", "0" ]
, [ 34, "E5733BAD-1ED9-4528-9BF4-F59264E6FC05", 34, 1340724549, "392904", 1340724549, "392904", "{\n}", "Brooklyn", "Bay Ridge Greenmarket", "3rd Ave & 95th St", "Saturday ", "8am-3pm", "1", "1", "1", "0" ]
, [ 35, "2BBF1616-CB15-41A5-8F7E-4EF3B1F50310", 35, 1340724549, "392904", 1340724549, "392904", "{\n}", "Brooklyn", "BFM I Satellite at Wyckoff Heights Medical Center", "Wyckoff Ave & Stanhope St", "Wednesday", "12pm-5pm", "1", "1", "1", "0" ]
, [ 36, "BD2B3069-62E4-46F0-8A2C-248CE37B2C9E", 36, 1340724549, "392904", 1340724549, "392904", "{\n}", "Brooklyn", "BFM II Satellite at Irving Square Park", "Wilson Ave & Halsey St", "Saturday", "11am-4pm", "1", "1", "1", "0" ]
, [ 37, "B3F23302-0513-48EF-AC9D-5C7891BD3A1D", 37, 1340724549, "392904", 1340724549, "392904", "{\n}", "Brooklyn", "BFM III Satellite at Bushwick Campus", "Irving & Putnam Aves", "Thursday", "12pm-5pm", "1", "1", "1", "0" ]
, [ 38, "C493DF55-AA33-4E31-8CF5-91CFA52CBC54", 38, 1340724549, "392904", 1340724549, "392904", "{\n}", "Brooklyn", "Boro Park Greenmarket", "14th Ave bet 49th & 50th Sts", "Thursday", "8am-2pm", "1", "1", "1", "0" ]
, [ 39, "86FC7060-BD5E-4FEF-A153-912BE4E584A2", 39, 1340724549, "392904", 1340724549, "392904", "{\n}", "Brooklyn", "Brooklyn Borough Hall Greenmarket", "Court & Montague Sts", "Tuesday, Thursday & Saturday", "8am-3pm", "1", "1", "1", "0" ]
, [ 40, "D101922E-8C26-4779-8E01-A25723C988DC", 40, 1340724549, "392904", 1340724549, "392904", "{\n}", "Brooklyn", "Brownsville Community Farmers' Market", "514 Rockaway Ave at Sutter Ave ", "Saturday ", " 8:30am-3pm", "1", "1", "1", "0" ]
, [ 41, "50A0382C-0D62-4674-BE23-EDD9963FA54E", 41, 1340724549, "392904", 1340724549, "392904", "{\n}", "Brooklyn", "Brownsville Pitkin Avenue Youthmarket", "Thomas Boyland St bet Pitkin & Sutter Aves", "Saturday ", "9:30am-3:30pm", "1", "1", "1", "0" ]
, [ 42, "4DCD7933-4867-4876-A26F-413176692D78", 42, 1340724549, "392904", 1340724549, "392904", "{\n}", "Brooklyn", "Brownsville Recreational Center Youthmarket", "Linden Blvd bet Stone & Hegeman Aves, on access road by ball field fence", "Saturday", "10:30am-2:30pm", "1", "1", "1", "0" ]
, [ 43, "D1E140CE-C1E2-46F6-8AD7-896E7067CD08", 43, 1340724549, "392904", 1340724549, "392904", "{\n}", "Brooklyn", "Brownsville Youthmarket", "Rockaway & Livonia Aves", "Friday", "1pm-6pm", "1", "1", "1", "0" ]
, [ 44, "E96F8AB5-54D1-4A98-9094-DD176EC29D6D", 44, 1340724549, "392904", 1340724549, "392904", "{\n}", "Brooklyn", "Bushwick Farmers' Market I", "Linden St & Broadway ", "Wednesday ", "10am-6pm", "1", "1", "1", "1" ]
, [ 45, "8596D16D-3249-49AA-A101-C95391E0831F", 45, 1340724549, "392904", 1340724549, "392904", "{\n}", "Brooklyn", "Bushwick Farmers' Market II at Maria Hernandez Park ", "Knickerbocker Ave & Starr St ", "Saturday ", "9am-5pm ", "1", "1", "1", "1" ]
, [ 46, "83B96B82-E5B8-4938-81C3-330DEFBD62CB", 46, 1340724549, "392904", 1340724549, "392904", "{\n}", "Brooklyn", "Bushwick Farmers' Market III ", "Halsey St & Broadway", "Thursday", "10am-6pm", "1", "1", "1", "1" ]
, [ 47, "93D81048-0D84-4C34-986D-88C05F3DB8ED", 47, 1340724549, "392904", 1340724549, "392904", "{\n}", "Brooklyn", "Carroll Gardens Greenmarket", "Carroll St bet Court & Smith Sts", "Sunday", "8am-3pm", "1", "1", "1", "0" ]
, [ 48, "3B78A302-8CEB-4300-BE9A-7870827541E4", 48, 1340724549, "392904", 1340724549, "392904", "{\n}", "Brooklyn", "Cooper Park Farmers' Market", "Maspeth Ave & Olive St, at Cooper Park", "Sunday", "11am-4pm", "1", "1", "1", "0" ]
, [ 49, "C596AC7A-1164-47DC-8D9B-C29CF884164E", 49, 1340724549, "392904", 1340724549, "392904", "{\n}", "Brooklyn", "Cortelyou Greenmarket", "Cortelyou Rd bet Argyle & Rugby Rds", "Sunday", "8am-2pm", "1", "1", "1", "0" ]
, [ 50, "C760C362-52CC-4788-B485-34D20C35DA2C", 50, 1340724549, "392904", 1340724549, "392904", "{\n}", "Brooklyn", "Cypress Hills Youthmarket", "Fulton St bet Richmond & Logan Sts", "Friday", "1pm-7pm", "1", "1", "1", "0" ]
, [ 51, "101489AA-93D8-4874-AB40-AB556B137512", 51, 1340724549, "392904", 1340724549, "392904", "{\n}", "Brooklyn", "East New York Farm Stand", "New Lots Ave bet Alabama & Georgia Aves", "Wednesday", "3:30pm-6:30pm", "1", "1", "1", "0" ]
, [ 52, "4129921C-5776-481B-88AB-D3FEE9259C9C", 52, 1340724549, "392904", 1340724549, "392904", "{\n}", "Brooklyn", "East New York Farmers' Market ", "Schenck Ave bet New Lots & Livonia Aves", "Saturday ", "9am-3pm", "1", "1", "1", "0" ]
, [ 53, "9FAC2110-E51F-4493-8E1B-D5BF70E34DC0", 53, 1340724549, "392904", 1340724549, "392904", "{\n}", "Brooklyn", "Fort Greene Park Greenmarket", "Washington Park bet DeKalb & Willoughby Aves", "Saturday ", "8am-3pm", "1", "1", "1", "0" ]
, [ 54, "09130481-747B-4230-81B3-2C3F45BC60E2", 54, 1340724549, "392904", 1340724549, "392904", "{\n}", "Brooklyn", "Graham Avenue Farmers' Market", "Cook St at Graham Ave", "Saturday & Sunday ", "8am-5pm", "1", "1", "1", "1" ]
, [ 55, "AF24789D-7DF2-488A-B161-2C5F580320B9", 55, 1340724549, "392904", 1340724549, "392904", "{\n}", "Brooklyn", "Grand Army Plaza Greenmarket", "Prospect Park W & Flatbush Ave ", "Saturday", "8am-4pm", "1", "1", "1", "0" ]
, [ 56, "A4B65E5A-5357-4868-9C98-A404EE16C73E", 56, 1340724549, "392904", 1340724549, "392904", "{\n}", "Brooklyn", "Greenpoint/ McCarren Park Greenmarket", "Union Ave bet Driggs Ave & N 12th St", "Saturday", "8am-3pm", "1", "1", "1", "0" ]
, [ 57, "3DD53E2E-A5E0-4219-B80A-D3BDC69E9EB6", 57, 1340724549, "392904", 1340724549, "392904", "{\n}", "Brooklyn", "Harvest Home Coney Island Hospital Farmers Market", "Ocean Pkwy bet Ave Z & Shore Pkwy", "Friday", "8am-4pm", "1", "1", "1", "0" ]
, [ 58, "30BD1B66-63F5-4494-BAC8-1F37849C7D00", 58, 1340724549, "392904", 1340724549, "392904", "{\n}", "Brooklyn", "Harvest Home Lutheran Hospital Farmers Market", "55th St off 2nd Ave, inside gate", "Thursday", "8am-4pm", "1", "1", "1", "0" ]
, [ 59, "DA1119CB-A7C2-46FB-B9DF-CF5D821A4084", 59, 1340724549, "392904", 1340724549, "392904", "{\n}", "Brooklyn", "Hattie Carthan After Church Farmers' Market", "49 Van Buren St bet Tompkins & Throop Aves", "Sunday", "1pm-6pm", "1", "1", "1", "0" ]
, [ 60, "FD2467A7-AA43-422D-B1D8-7848C3BEACA6", 60, 1340724549, "392904", 1340724549, "392904", "{\n}", "Brooklyn", "Hattie Carthan Community Farmers' Market ", "Marcy Ave & Clifton Pl", "Saturday ", "9am-3pm", "1", "1", "1", "0" ]
, [ 61, "352D226F-EC42-4B50-AA63-51564BDD3D87", 61, 1340724549, "392904", 1340724549, "392904", "{\n}", "Brooklyn", "High School for Public Service Youth Farmers' Market", "600 Kingston Ave bet Rutland Rd & Winthrop St", "Wednesday", "2:30pm-6:30pm", "1", "1", "1", "0" ]
, [ 62, "3A8A772A-39A2-4DA1-9FE2-004ABD5B8D9E", 62, 1340724549, "392904", 1340724549, "392904", "{\n}", "Brooklyn", "Isabahlia Farmers' Market", "Livonia Ave bet Powell & Junius Sts", "Saturday", "8am-4pm", "1", "1", "1", "0" ]
, [ 63, "DF6A9727-5820-499B-A620-C5B9607A8F08", 63, 1340724549, "392904", 1340724549, "392904", "{\n}", "Brooklyn", "Kensington Youthmarket", "Ft. Hamilton Pkwy bet E 4th & E 5th Sts", "Saturday", "9am-3pm", "1", "1", "1", "0" ]
, [ 64, "5DA76A48-F244-4FF5-AAF7-F018CEA5339C", 64, 1340724549, "392904", 1340724549, "392904", "{\n}", "Brooklyn", "Malcolm X Blvd Farmers' Market", "Malcolm X Blvd bet Marion & Chauncey Sts", "Saturday ", "8am-3pm", "1", "1", "1", "0" ]
, [ 65, "528A887E-E255-4438-9486-F5EFF35C0069", 65, 1340724549, "392904", 1340724549, "392904", "{\n}", "Brooklyn", "Medgar Evers College Farmers' Market", "Crown St bet Bedford & Franklin Aves", "Wednesday", "11am-6pm", "1", "1", "1", "0" ]
, [ 66, "541416F5-68F2-4DB8-94D0-0D97B1BF19E9", 66, 1340724549, "392904", 1340724549, "392904", "{\n}", "Brooklyn", "Myrtle Avenue Community-Run Farm Stand", "Myrtle & N Portland Aves", "Wednesday", "4pm-7pm", "1", "1", "1", "0" ]
, [ 67, "1B4A966A-4CB3-461B-9692-CB75627A52CC", 67, 1340724549, "392904", 1340724549, "392904", "{\n}", "Brooklyn", "Red Hook Farmers' Market", "Columbia & Beard Sts, across from IKEA", "Saturday ", "10am-3pm", "1", "1", "1", "1" ]
, [ 68, "75746095-F075-4E4F-B140-FDC2C77A8860", 68, 1340724549, "392904", 1340724549, "392904", "{\n}", "Brooklyn", "Seeds in the Middle Farmers' Market", "Albany & Lefferts Aves, at Hamilton Metz Park", "Thursday", "12pm-7pm", "1", "1", "1", "0" ]
, [ 69, "BA063E9E-9176-43C1-825B-AEF415D75B08", 69, 1340724549, "392904", 1340724549, "392904", "{\n}", "Brooklyn", "Sunset Park Greenmarket", "4th Ave bet 59th & 60th Sts", "Saturday", "8am-2pm", "1", "1", "1", "0" ]
, [ 70, "60E0A3F5-4F40-4C70-9225-8A339BB6824C", 70, 1340724549, "392904", 1340724549, "392904", "{\n}", "Brooklyn", "The Foodshed Farmers' Market", "388 Atlantic Ave bet Bond & Hoyt Sts", "Sunday", "11am-5pm", "1", "1", "1", "0" ]
, [ 71, "963D6482-6462-4F29-97E3-370C983E48B0", 71, 1340724549, "392904", 1340724549, "392904", "{\n}", "Brooklyn", "Urban Oasis Farmers' Market", "Clarkson & Troy Aves", "Wednesday", "2pm-5:30pm", "1", "1", "1", "0" ]
, [ 72, "F4EE4A69-74A7-4631-AEFF-B03F2E4ACC45", 72, 1340724549, "392904", 1340724549, "392904", "{\n}", "Brooklyn", "Walt L Shamel Farmers' Market", "Dean St bet Franklin & Bedford Aves, at Walt L Shamel Garden", "Saturday", "8am-2pm", "1", "1", "1", "0" ]
, [ 73, "679C0702-A269-4442-839E-8A612C652767", 73, 1340724549, "392904", 1340724549, "392904", "{\n}", "Brooklyn", "Weeksville Farmers' Market ", "Bergen St bet Buffalo & Rochester Aves", "Saturday", "9am-4pm", "1", "1", "1", "0" ]
, [ 74, "3EC45644-BBC4-4B19-B1C7-8A0623AA0FC7", 74, 1340724549, "392904", 1340724549, "392904", "{\n}", "Brooklyn", "Williamsburg Greenmarket", "Havemeyer St bet Broadway & Division Ave", "Thursday ", "8am-2pm", "1", "1", "1", "1" ]
, [ 75, "124CF005-A336-412B-8828-E79E4915634A", 75, 1340724549, "392904", 1340724549, "392904", "{\n}", "Brooklyn", "Windsor Terrace - PS 154 Greenmarket", "11th Ave bet Sherman St & Windsor Pl", "Sunday", "9am-4pm", "1", "1", "1", "0" ]
, [ 76, "13B91B67-911E-4BAA-B39A-21FE4EEFEEE1", 76, 1340724549, "392904", 1340724549, "392904", "{\n}", "Brooklyn", "Coney Island Farmers' Market", "Surf Ave & W 16th St, at MCU Park", "Sunday", "7am-3pm", "0", "1", "0", "0" ]
, [ 77, "79DE5F8B-2C8A-4744-8091-9B26911E310F", 77, 1340724549, "392904", 1340724549, "392904", "{\n}", "Brooklyn", "Flatbush Caton Merchants Mart Farmers' Market", "794-814 Flatbush Ave at Caton Ave", "Monday-Saturday & Sunday", "10am-8pm & 10am-6pm", "0", "1", "0", "0" ]
, [ 78, "6846801F-DFF7-4142-BEA9-ABFF97294237", 78, 1340724549, "392904", 1340724549, "392904", "{\n}", "Brooklyn", "McGolrick Park Farmers' Market", "Russel St & Nassau Ave", "Sunday", "11am-4pm", "0", "1", "0", "0" ]
, [ 79, "97A6EF76-098F-4FB0-98DF-B32089745129", 79, 1340724549, "392904", 1340724549, "392904", "{\n}", "Brooklyn", "Park Slope Farmers' Market", "5th Ave & 4th St, in front of PS 51", "Sunday", "11am-5pm", "0", "1", "0", "0" ]
, [ 80, "3F40B3AC-0E8D-423B-A43B-EEFEF9D084AA", 80, 1340724549, "392904", 1340724549, "392904", "{\n}", "Brooklyn", "Project Eats Community Market", "400 Pennsylvania Ave bet Blake and Dumont Aves", "Friday", "1pm-7pm", "0", "1", "0", "0" ]
, [ 81, "322B3EE0-6DA3-4B25-90B6-AE07762EF6EC", 81, 1340724549, "392904", 1340724549, "392904", "{\n}", "Manhattan", "La Marqueta Farmers' Market", "E 115th St & Park Ave", "Monday-Wednesday & Thursday-Saturday ", "8am-5pm & 8am-6 pm", "0", "1", "0", "0" ]
, [ 82, "9EB6AD25-40E0-49DD-A64F-232C675F424C", 82, 1340724549, "392904", 1340724549, "392904", "{\n}", "Manhattan", "125th Street Fresh Connect Farmers' Market", "State Office Building, W 125th St & Adam Clayton Powell Blvd", "Tuesday ", "10am-7pm", "1", "1", "1", "0" ]
, [ 83, "91CFF866-3CD4-474D-904B-BECFDC86417A", 83, 1340724549, "392904", 1340724549, "392904", "{\n}", "Manhattan", "57th Street Greenmarket", "W 57th St & 9th Ave", "Wednesday", "8am-6pm", "1", "1", "1", "0" ]
, [ 84, "8FD92EC2-818D-44D8-B2A3-E1C2374032CE", 84, 1340724549, "392904", 1340724549, "392904", "{\n}", "Manhattan", "79th Street Greenmarket", "Columbus Ave bet W 78th & 81st Sts", "Sunday", "8am-5pm", "1", "1", "1", "0" ]
, [ 85, "076BF779-1F9E-40BD-A3D6-81C92D784CC7", 85, 1340724549, "392904", 1340724549, "392904", "{\n}", "Manhattan", "82nd Street Greenmarket", "82nd St bet 1st and York Aves ", "Saturday", "9am-3pm", "1", "1", "1", "0" ]
, [ 86, "3FD28532-E04C-4983-9D06-343A5D595F6B", 86, 1340724549, "392904", 1340724549, "392904", "{\n}", "Manhattan", "92nd Street Greenmarket", "1st Ave bet 92nd & 93rd Sts", "Sunday ", "9am-4pm", "1", "1", "1", "1" ]
, [ 87, "B68BAA83-20D1-47BB-9315-A627F0851A49", 87, 1340724549, "392904", 1340724549, "392904", "{\n}", "Manhattan", "97th Street Greenmarket", "W 97th St bet Columbus & Amsterdam Aves", "Friday ", "8am-2pm", "1", "1", "1", "0" ]
, [ 88, "2D652984-3474-4174-B434-E3022C47B729", 88, 1340724549, "392904", 1340724549, "392904", "{\n}", "Manhattan", "Abingdon Square Greenmarket", "W 12th St & 8th Ave", "Saturday ", "8am-2pm", "1", "1", "1", "0" ]
, [ 89, "D4F63BAF-E229-48B0-9774-A712ABBD614F", 89, 1340724549, "392904", 1340724549, "392904", "{\n}", "Manhattan", "Bowling Green Greenmarket", "Broadway & Battery Pl", "Tuesday & Thursday", "8am-5pm", "1", "1", "1", "0" ]
, [ 90, "D97F71E7-1500-42CB-9F3D-2278EE21A20D", 90, 1340724549, "392904", 1340724549, "392904", "{\n}", "Manhattan", "City Hall Greenmarket", "Broadway & Chambers St", "Tuesday & Friday ", "8am-4pm", "1", "1", "1", "0" ]
, [ 91, "48720E4D-29A6-4C94-8AEB-2A4FEE48D70A", 91, 1340724549, "392904", 1340724549, "392904", "{\n}", "Manhattan", "Columbia University Greenmarket", "Broadway bet 114th & 116th Sts", "Thursday & Sunday ", "8am-3pm", "1", "1", "1", "0" ]
, [ 92, "61352848-9C3F-41C5-9B49-E0F3698A059D", 92, 1340724549, "392904", 1340724549, "392904", "{\n}", "Manhattan", "Dag Hammarskjold Plaza Greenmarket", "47th St & 2nd Ave", "Wednesday", "8am-4pm", "1", "1", "1", "0" ]
, [ 93, "6C368399-1525-4179-BE9B-477D10ECE208", 93, 1340724549, "392904", 1340724549, "392904", "{\n}", "Manhattan", "Fort Washington Greenmarket", "168th St & Ft. Washington Ave", "Tuesday", "8am-4pm", "1", "1", "1", "0" ]
, [ 94, "2615820E-B676-42E0-97E3-024B43330662", 94, 1340724549, "392904", 1340724549, "392904", "{\n}", "Manhattan", "Grass Roots Farmers' Market", "W 145th St bet Edgecomb & Bradhurst Aves, at Jackie Robinson Park", "Tuesday & Saturday", "9am-4pm", "1", "1", "1", "1" ]
, [ 95, "DEF44AE5-BD01-4C4F-AF6F-AC4F8EC0D839", 95, 1340724549, "392904", 1340724549, "392904", "{\n}", "Manhattan", "Harlem Harvest Farmers' Market", "W 112th St & Madison Ave", "Tuesday & Saturday ", "8am-5pm", "1", "1", "1", "0" ]
, [ 96, "4837BA14-3BB5-4BF3-8506-2AACC4D63754", 96, 1340724549, "392904", 1340724549, "392904", "{\n}", "Manhattan", "Harvest Home East Harlem Farmers' Market", "104th St & 3rd Ave", "Thursday", "8am-4pm", "1", "1", "1", "0" ]
, [ 97, "DF54E4B0-7570-4456-A99A-E63B343F71F6", 97, 1340724549, "392904", 1340724549, "392904", "{\n}", "Manhattan", "Harvest Home Metropolitan Market", "99th St & 3rd Ave", "Friday ", "8am-4pm", "1", "1", "1", "0" ]
, [ 98, "EE07710B-B186-4357-A9B6-90B6B8B4F100", 98, 1340724549, "392904", 1340724549, "392904", "{\n}", "Manhattan", "Harvest Home Mt. Morris Park Market", "Lenox Ave bet 120th & 121st Sts, Marcus Garvey Park", "Saturday", "8am-4pm", "1", "1", "1", "0" ]
, [ 99, "B1437CFD-4CF8-4465-A186-D0AE11281BBE", 99, 1340724549, "392904", 1340724549, "392904", "{\n}", "Manhattan", "Harvest Home Murray Hill Farmers' Market", "1st Ave bet 26th & 27th Sts", "Friday", "8am-4pm", "1", "1", "1", "0" ]
, [ 100, "111E6BC9-1B20-413D-93B6-D2127B7232D8", 100, 1340724549, "392904", 1340724549, "392904", "{\n}", "Manhattan", "Harvest Home West Harlem Farmers' Market", "137th St & Broadway", "Tuesday", "8am-4pm", "1", "1", "1", "0" ]
, [ 101, "53F0AB7D-D3ED-4CD5-8FC7-12841CA3E57E", 101, 1340724549, "392904", 1340724549, "392904", "{\n}", "Manhattan", "Inwood Church Farmers' Market", "Dyckman St bet Post & Sherman Aves", "Wednesday", "2pm-6pm", "1", "1", "1", "0" ]
, [ 102, "D8E2B92D-EB2C-4821-8452-217F9BBBF01C", 102, 1340724549, "392904", 1340724549, "392904", "{\n}", "Manhattan", "Inwood Park Greenmarket", "Isham St bet Seaman Ave & Cooper St", "Saturday ", "8am-3pm", "1", "1", "1", "0" ]
, [ 103, "52B29710-750B-4404-95FC-1A76B0BBD571", 103, 1340724549, "392904", 1340724549, "392904", "{\n}", "Manhattan", "Lower East Side Youthmarket", "Grand Ave bet Pitt St & Abraham Pl ", "Thursday", "3pm-7pm", "1", "1", "1", "0" ]
, [ 104, "44F171AD-906B-4082-867C-27CA950FA5F9", 104, 1340724549, "392904", 1340724549, "392904", "{\n}", "Manhattan", "Morningside Park Farmers' Market", "W 110th St & Manhattan Ave", "Saturday ", "9am-5pm", "1", "1", "1", "0" ]
, [ 105, "391E9759-6688-4882-AED5-04E28283F174", 105, 1340724549, "392904", 1340724549, "392904", "{\n}", "Manhattan", "Mt. Sinai Hospital Greenmarket", "99th St bet Madison & Park Aves", "Wednesday", "8am-4pm", "1", "1", "1", "0" ]
, [ 106, "B34F7634-E17C-4F6C-B1D2-AF63B7F3CC8E", 106, 1340724549, "392904", 1340724549, "392904", "{\n}", "Manhattan", "New Amsterdam Farmers' Market", "Marginal St, bet columns 29 & 31 of the FDR Drive", "Sunday", "11am-4pm", "1", "1", "1", "0" ]
, [ 107, "356B6257-DC52-41B1-BDBD-8F9EF6DDDC64", 107, 1340724549, "392904", 1340724549, "392904", "{\n}", "Manhattan", "PS 11 Farm Market", "21st St bet 8th and 9th Aves", "Wednesday", "8am-10am", "1", "1", "1", "0" ]
, [ 108, "B1A44543-C284-42B2-9480-52708A3B418D", 108, 1340724549, "392904", 1340724549, "392904", "{\n}", "Manhattan", "St. Mark's Church Greenmarket", "E 10th St & 2nd Ave", "Tuesday", "8am-7pm", "1", "1", "1", "0" ]
, [ 109, "AC8992A0-E847-46A2-B462-EC806DFFF227", 109, 1340724549, "392904", 1340724549, "392904", "{\n}", "Manhattan", "Staten Island Ferry/Whitehall Greenmarket", "4 South St, inside Ferry Terminal Bldg", "Tuesday & Friday ", "8am-7pm", "1", "1", "1", "0" ]
, [ 110, "0A479B7F-BA77-46F0-876F-A60885AE82BC", 110, 1340724549, "392904", 1340724549, "392904", "{\n}", "Manhattan", "Stuyvesant Town Greenmarket", "14th St loop & Ave A", "Sunday", "9:30am-4pm", "1", "1", "1", "0" ]
, [ 111, "CB9508DB-4DCD-468A-9314-6BA5AE5DA3C3", 111, 1340724549, "392904", 1340724549, "392904", "{\n}", "Manhattan", "Tompkins Square Greenmarket", "E 7th St & Ave A", "Sunday", "8am-6pm", "1", "1", "1", "0" ]
, [ 112, "EAF8E2C7-BA51-4734-8D3E-DC10B3EF303D", 112, 1340724549, "392904", 1340724549, "392904", "{\n}", "Manhattan", "Tribeca Greenmarket", "Greenwich & Chambers Sts", "Wednesday & Saturday ", "8am-3pm", "1", "1", "1", "0" ]
, [ 113, "F7A2837F-3611-49CA-A3AD-3F1F9802CE1B", 113, 1340724549, "392904", 1340724549, "392904", "{\n}", "Manhattan", "Tucker Square Greenmarket", "W 66th St & Columbus Ave", "Thursday & Saturday", "8am-5pm", "1", "1", "1", "0" ]
, [ 114, "8DBD7CD9-7DB6-43AC-AFCC-B8F16F2613AC", 114, 1340724549, "392904", 1340724549, "392904", "{\n}", "Manhattan", "Union Square Greenmarket", "Broadway & E 17th St ", "Monday, Wednesday, Friday & Saturday", "8am-6pm", "1", "1", "1", "0" ]
, [ 115, "49A76947-B557-4171-A0AA-A6A70818D682", 115, 1340724549, "392904", 1340724549, "392904", "{\n}", "Manhattan", "Washington Heights 175th Street Greenmarket", "175th St bet Broadway & Wadsworth Ave", "Thursday ", "8am-4pm", "1", "1", "1", "1" ]
, [ 116, "BCE52C0E-DCF0-472A-B06B-B36FB683AE47", 116, 1340724549, "392904", 1340724549, "392904", "{\n}", "Manhattan", "Downton PATH Greenmarket", "W Broadway bet Barclay St & Park Pl", "Thursday", "8am-6pm", "0", "1", "0", "0" ]
, [ 117, "1B15C43C-1436-4CBB-9B17-0821F268B94F", 117, 1340724549, "392904", 1340724549, "392904", "{\n}", "Manhattan", "NY/NJ Port Authority Greenmarket", "8th Ave & W 42nd St, inside bus terminal", "Thursday", "8am-6pm", "0", "1", "0", "0" ]
, [ 118, "D72F9EAE-309D-4885-AA37-F4AA2CD02234", 118, 1340724549, "392904", 1340724549, "392904", "{\n}", "Manhattan", "Rockefeller Center Greenmarket", "Rockefeller Plaza at 50th St", "Wednesday, Thursday & Friday", "8am-6pm", "0", "1", "0", "0" ]
, [ 119, "0A94FD98-C748-43C2-8242-0A23C4E7F26A", 119, 1340724549, "392904", 1340724549, "392904", "{\n}", "Manhattan", "South Village Farmers' Market", "6th Ave at Carmine St", "Monday, Wednesday & Friday", "10am-7pm", "0", "1", "0", "0" ]
, [ 120, "705E098D-DF55-4AAB-B3EF-9169DA7BA358", 120, 1340724549, "392904", 1340724549, "392904", "{\n}", "Queens", "Astoria Greenmarket", "31st Ave at 14th St", "Wednesday", "8am-3pm", "1", "1", "1", "0" ]
, [ 121, "50957207-F1DA-41FB-9E84-5EC035029440", 121, 1340724549, "392904", 1340724549, "392904", "{\n}", "Queens", "Atlas Park Greenmarket", "Cooper Ave & 80th St", "Saturday", "8am-3pm", "1", "1", "1", "0" ]
, [ 122, "92D902A9-477B-4600-B334-1A831C14D626", 122, 1340724549, "392904", 1340724549, "392904", "{\n}", "Queens", "Corona Greenmarket", "Roosevelt Ave & 103rd St", "Friday", "8am-3pm", "1", "1", "1", "1" ]
, [ 123, "2D24AB27-C7AF-498C-904E-56805C5A87CA", 123, 1340724549, "392904", 1340724549, "392904", "{\n}", "Queens", "Culinary Kids Garden Farmers' Market I", "Seagirt Blvd & Beach 31st St", "Saturday", "10am-3pm", "1", "1", "1", "0" ]
, [ 124, "7B8030DB-9C0B-4E5C-BA43-E0E720D644D0", 124, 1340724549, "392904", 1340724549, "392904", "{\n}", "Queens", "Culinary Kids Garden Farmers' Market II", "Central Ave at Beach 20th St", "Saturday", "10am-5pm", "1", "1", "1", "0" ]
, [ 125, "DC7759B9-7D22-4D8C-A628-A1BCF74021FC", 125, 1340724549, "392904", 1340724549, "392904", "{\n}", "Queens", "Douglaston Greenmarket", "235th St & 41st Ave, at the LIRR Station", "Sunday", "8am-3pm", "1", "1", "1", "0" ]
, [ 126, "36ED2194-A6F2-48C7-9B83-8891DDD3E393", 126, 1340724549, "392904", 1340724549, "392904", "{\n}", "Queens", "Elmhurst Hospital Greenmarket", "41st Ave bet 80th & 81st Sts", "Tuesday", "8am-5pm", "1", "1", "1", "0" ]
, [ 127, "633F556B-F456-400B-A152-4BD295B7E264", 127, 1340724549, "392904", 1340724549, "392904", "{\n}", "Queens", "Harvest Home Roy Wilkins Park Farmers Market", "Merrick Blvd bet 221st & 222nd Sts", "Saturday", "8am-4pm", "1", "1", "1", "0" ]
, [ 128, "D8763687-E41B-4136-84ED-9D9B9817AF34", 128, 1340724549, "392904", 1340724549, "392904", "{\n}", "Queens", "Jackson Heights Greenmarket", "34th Ave bet 77th & 78th Sts", "Sunday", "8am-3pm", "1", "1", "1", "1" ]
, [ 129, "78B9A75F-4683-44F9-9C55-FAAE52E10008", 129, 1340724549, "392904", 1340724549, "392904", "{\n}", "Queens", "Jamaica Farmers Market", "90-40 160th St, off Jamaica Ave", "Friday & Saturday ", "8:30am-4pm", "1", "1", "1", "0" ]
, [ 130, "5C5E68C3-5251-44CA-8020-BD6D5AD7A7F5", 130, 1340724549, "392904", 1340724549, "392904", "{\n}", "Queens", "Pomonok Farmers' Market", "67-09 Kissena Blvd, at QCH Pomonok Center", "Thursday", "10am-5:30pm", "1", "1", "1", "0" ]
, [ 131, "9587B17A-55BC-4161-BC9B-000F2B1A8EE6", 131, 1340724549, "392904", 1340724549, "392904", "{\n}", "Queens", "Queens Botanical Garden Farmers' Market", "Dahlia Ave off Main St ", "Friday", "8:30am-4pm", "1", "1", "1", "0" ]
, [ 132, "4ADC6826-BFE0-4FE0-A134-32E8BA1920F2", 132, 1340724549, "392904", 1340724549, "392904", "{\n}", "Queens", "Ridgewood Youthmarket", "Cypress Ave bet Myrtle & Putnam Aves", "Saturday", "10am-3pm", "1", "1", "1", "0" ]
, [ 133, "7BAE1F74-300A-44F4-8FD1-473934317DD0", 133, 1340724549, "392904", 1340724549, "392904", "{\n}", "Queens", "Socrates Sculpture Park Greenmarket", "Vernon Blvd & Broadway", "Saturday", "8am-4pm", "1", "1", "1", "0" ]
, [ 134, "0016E3F7-2FB0-44F8-A265-9EB778474F8C", 134, 1340724549, "392904", 1340724549, "392904", "{\n}", "Queens", "Sunnyside Gardens Greenmarket", "Skillman Ave bet 42nd & 43rd Sts", "Saturday", "8am-4pm", "1", "1", "1", "0" ]
, [ 135, "82946658-338D-42D2-8A3A-B91202325A16", 135, 1340724549, "392904", 1340724549, "392904", "{\n}", "Queens", "Joseph Addabbo Family Health Center's Farmers' Market", "6200 Beach Channel Dr", "Saturday", "8:30am-2pm", "0", "1", "0", "0" ]
, [ 136, "8A9404F6-7093-4ECF-BE1D-50724E2C404F", 136, 1340724549, "392904", 1340724549, "392904", "{\n}", "Staten Island", "St. George Greenmarket", "St. Marks Pl at Hyatt St, inside Borough Hall parking lot", "Saturday", "8am-2pm", "1", "1", "1", "0" ]
, [ 137, "A7A3638D-ADB7-437F-B8DB-FC1C962E58B8", 137, 1340724549, "392904", 1340724549, "392904", "{\n}", "Staten Island", "Staten Island Mall Greenmarket", "Richmond Ave entrance, inside parking lot", "Saturday", "9am-4pm", "1", "1", "1", "0" ]
 ]
}
